n,m,cycles,alpha,beta,p,Q,seed,runtime_sec,time_per_cycle,best_len_global,mean_len_final,improvement_pct
30,30,50,1.0,5.0,0.5,100.0,42,1.1118397000000186,0.022236794000000372,476.50693321161714,561.8294726652865,15.822266192797244
50,50,50,1.0,5.0,0.5,100.0,42,2.9227232999996886,0.05845446599999377,558.6708118856303,686.2422086387566,22.96434215698193
30,10,50,1.0,5.0,0.5,100.0,42,0.3908019000000422,0.007816038000000844,491.8273631476345,573.6319219749857,13.115822732942606
30,60,50,1.0,5.0,0.5,100.0,42,2.0588566999999784,0.04117713399999957,462.55385875306695,559.4516354535133,10.28808123687953
30,30,100,1.0,5.0,0.5,100.0,42,2.0813845999996374,0.020813845999996375,467.0890545191319,554.1770342743299,17.485989489038303
100,100,100,1.0,5.0,0.5,100.0,42,17.25536659999989,0.17255366599999888,833.802726939614,971.7256898511961,13.118968197053249
200,150,200,1.0,5.0,0.5,100.0,42,95.48932569999988,0.4774466284999994,1108.0964664808564,1285.2156758550614,21.297425689906458
